/*
SQLyog Ultimate v12.08 (64 bit)
MySQL - 5.7.31-log : Database - smbms
*********************************************************************
*/

/*!40101 SET NAMES utf8 */;

/*!40101 SET SQL_MODE=''*/;

/*!40014 SET @OLD_UNIQUE_CHECKS=@@UNIQUE_CHECKS, UNIQUE_CHECKS=0 */;
/*!40014 SET @OLD_FOREIGN_KEY_CHECKS=@@FOREIGN_KEY_CHECKS, FOREIGN_KEY_CHECKS=0 */;
/*!40101 SET @OLD_SQL_MODE=@@SQL_MODE, SQL_MODE='NO_AUTO_VALUE_ON_ZERO' */;
/*!40111 SET @OLD_SQL_NOTES=@@SQL_NOTES, SQL_NOTES=0 */;
CREATE DATABASE /*!32312 IF NOT EXISTS*/`smbms` /*!40100 DEFAULT CHARACTER SET utf8 */;

USE `smbms`;

/*Table structure for table `smbms_bill` */

DROP TABLE IF EXISTS `smbms_bill`;

CREATE TABLE `smbms_bill` (
  `id` bigint(20) NOT NULL AUTO_INCREMENT COMMENT '自增ID',
  `billCode` varchar(20) COLLATE utf8_unicode_ci NOT NULL COMMENT '主键：订单编码',
  `productName` varchar(20) COLLATE utf8_unicode_ci DEFAULT NULL COMMENT '商品名称',
  `productDesc` varchar(20) COLLATE utf8_unicode_ci DEFAULT NULL COMMENT '商品描述',
  `productUnit` varchar(20) COLLATE utf8_unicode_ci DEFAULT NULL COMMENT '商品单位',
  `productCount` decimal(20,2) DEFAULT NULL COMMENT '商品数量',
  `totalPrice` decimal(20,2) DEFAULT NULL COMMENT '商品总额',
  `isPayment` int(20) DEFAULT NULL COMMENT '是否支付（1：未支付 2：已支付）',
  `createdBy` bigint(20) DEFAULT NULL COMMENT '创建者（userId）',
  `creationDate` datetime DEFAULT NULL COMMENT '创建时间',
  `modifyDate` datetime DEFAULT NULL COMMENT '更新时间',
  `modifyBy` bigint(20) DEFAULT NULL COMMENT '更新者（userId）',
  `providerId` int(20) DEFAULT NULL COMMENT '供应商ID',
  PRIMARY KEY (`id`,`billCode`)
) ENGINE=InnoDB AUTO_INCREMENT=139 DEFAULT CHARSET=utf8 COLLATE=utf8_unicode_ci;

/*Data for the table `smbms_bill` */

insert  into `smbms_bill`(`id`,`billCode`,`productName`,`productDesc`,`productUnit`,`productCount`,`totalPrice`,`isPayment`,`createdBy`,`creationDate`,`modifyDate`,`modifyBy`,`providerId`) values (1,'B001','茅台',NULL,'瓶','130.00','3948.99',1,1,'2006-10-14 22:08:54',NULL,NULL,1),(2,'B002','五粮液',NULL,'瓶','70.00','617.97',1,1,'2016-05-15 18:03:51',NULL,NULL,1),(3,'B003','郎酒',NULL,'瓶','219.00','3929.97',2,1,'2016-01-25 04:14:46',NULL,NULL,1),(4,'B004','酒鬼酒',NULL,'瓶','287.00','3630.92',1,1,'2010-07-19 03:31:12',NULL,NULL,1),(5,'B005','泸州老窖',NULL,'瓶','426.00','2336.00',1,1,'2009-11-05 08:59:06',NULL,NULL,1),(6,'B006','赖茅酒',NULL,'瓶','82.00','4640.66',1,1,'2009-08-11 19:28:02',NULL,NULL,1),(7,'B007','法国红酒',NULL,'瓶','306.00','4435.77',2,1,'2013-04-26 18:38:45',NULL,NULL,1),(8,'B008','果汁',NULL,'瓶','225.00','1516.96',2,1,'2007-03-26 15:46:57',NULL,NULL,2),(9,'B009','面包',NULL,'瓶','128.00','2592.56',1,1,'2012-06-07 15:53:15',NULL,NULL,2),(10,'B010','果汁',NULL,'瓶','283.00','751.96',1,1,'2020-08-10 16:57:56',NULL,NULL,2),(11,'B011','脉动',NULL,'瓶','87.00','4083.90',2,1,'2013-07-07 06:42:11',NULL,NULL,2),(12,'B012','小米',NULL,'袋','293.00','3751.41',2,1,'2013-04-23 11:56:41',NULL,NULL,3),(13,'B013','香米',NULL,'袋','451.00','2477.73',1,1,'2018-11-06 04:42:51',NULL,NULL,3),(14,'B014','坚果炒货',NULL,'袋','103.00','4955.96',2,1,'2005-06-14 01:39:13',NULL,NULL,4),(15,'B015','果脯蜜饯',NULL,'袋','174.00','3518.43',2,1,'2009-03-11 17:14:27',NULL,NULL,4),(16,'B016','天然花茶',NULL,'袋','151.00','1933.28',1,1,'2008-01-15 20:19:58',NULL,NULL,4),(17,'B017','营养豆豆',NULL,'袋','186.00','1600.66',1,1,'2010-08-02 11:16:17',NULL,NULL,4),(18,'B018','海苔',NULL,'袋','380.00','706.39',2,1,'2014-04-02 11:01:20',NULL,NULL,4),(19,'B019','肉脯肉',NULL,'袋','110.00','2034.31',1,1,'2019-11-13 21:17:11',NULL,NULL,4),(20,'B020','天然香辛料',NULL,'袋','407.00','708.99',1,1,'2014-10-02 14:00:55',NULL,NULL,5),(21,'B021','鸡精',NULL,'袋','244.00','928.45',2,1,'2013-08-08 03:43:51',NULL,NULL,5),(22,'B022','复合调味料',NULL,'袋','98.00','3383.33',2,1,'2013-01-22 06:59:17',NULL,NULL,5),(23,'B023','山茶油',NULL,'桶','492.00','2147.69',2,1,'2015-11-17 08:12:29',NULL,NULL,6),(24,'B024','大豆油',NULL,'桶','310.00','4061.35',2,1,'2011-12-23 12:46:56',NULL,NULL,6),(25,'B025','花生油',NULL,'桶','198.00','3418.87',1,1,'2012-07-06 22:02:25',NULL,NULL,6),(26,'B026','橄榄油',NULL,'桶','452.00','4394.61',2,1,'2006-10-25 03:40:03',NULL,NULL,6),(27,'B027','豆瓣酱',NULL,'盒','247.00','1791.22',2,1,'2017-12-19 09:07:36',NULL,NULL,7),(28,'B028','黄豆酱',NULL,'盒','71.00','2723.66',2,1,'2013-01-08 20:56:48',NULL,NULL,7),(29,'B029','甜面酱',NULL,'盒','350.00','2278.26',1,1,'2015-03-02 05:34:58',NULL,NULL,7),(30,'B030','辣椒酱',NULL,'盒','456.00','1902.50',2,1,'2009-10-23 13:50:33',NULL,NULL,7),(31,'B031','不锈钢厨刀',NULL,'个','323.00','1134.36',1,1,'2015-05-22 18:39:20',NULL,NULL,8),(32,'B032','海绵床垫',NULL,'个','134.00','3218.78',2,1,'2011-11-14 08:09:21',NULL,NULL,9),(33,'B033','坐垫',NULL,'个','293.00','1844.29',2,1,'2018-02-04 21:14:11',NULL,NULL,9),(34,'B034','靠垫',NULL,'个','338.00','1175.22',1,1,'2017-05-05 03:05:50',NULL,NULL,9),(35,'B035','海绵枕头',NULL,'个','297.00','1528.70',1,1,'2017-06-07 13:14:48',NULL,NULL,9),(36,'B036','头枕',NULL,'个','115.00','4023.18',1,1,'2005-07-08 06:19:57',NULL,NULL,9),(37,'B037','清洗剂',NULL,'瓶','309.00','3593.81',1,1,'2006-05-13 19:28:56',NULL,NULL,10),(38,'B038','洗涤网',NULL,'个','76.00','2563.53',1,1,'2015-06-10 22:58:52',NULL,NULL,10),(39,'B039','墙体除霉剂',NULL,'瓶','484.00','1078.28',2,1,'2012-07-22 09:27:22',NULL,NULL,10),(40,'B040','墙面霉菌清除剂',NULL,'瓶','104.00','4356.01',1,1,'2013-10-28 08:45:40',NULL,NULL,10),(41,'B041','洗衣皂',NULL,'个','155.00','2275.61',1,1,'2006-04-12 07:27:52',NULL,NULL,11),(42,'B042','洗衣粉',NULL,'袋','311.00','4102.22',1,1,'2008-05-29 00:56:13',NULL,NULL,11),(43,'B043','洗衣液',NULL,'袋','122.00','4834.89',1,1,'2019-04-06 05:28:23',NULL,NULL,11),(44,'B044','洗洁精',NULL,'袋','277.00','593.15',2,1,'2013-03-13 04:40:56',NULL,NULL,11),(45,'B045','香皂',NULL,'个','589.00','5000.00',2,1,'2021-10-02 10:36:16','2022-05-14 13:02:05',1,11),(46,'B046','香皂',NULL,'个','208.00','736.77',2,1,'2005-10-02 08:00:13',NULL,NULL,11),(47,'B047','茅台',NULL,'瓶','164.00','4618.38',1,1,'2019-03-30 08:07:40',NULL,NULL,1),(48,'B048','五粮液',NULL,'瓶','172.00','1806.30',1,1,'2019-12-29 16:22:21',NULL,NULL,1),(49,'B049','郎酒',NULL,'瓶','152.00','1463.07',2,1,'2012-12-11 00:30:48',NULL,NULL,1),(50,'B050','酒鬼酒',NULL,'瓶','396.00','2674.85',1,1,'2020-05-11 13:42:18',NULL,NULL,1),(51,'B051','泸州老窖',NULL,'瓶','325.00','4961.98',1,1,'2021-09-19 04:45:12',NULL,NULL,1),(52,'B052','赖茅酒',NULL,'瓶','329.00','1426.99',1,1,'2013-01-31 07:46:51',NULL,NULL,1),(53,'B053','法国红酒',NULL,'瓶','124.00','1771.52',1,1,'2021-08-06 07:30:14',NULL,NULL,1),(54,'B054','果汁',NULL,'瓶','159.00','862.90',2,1,'2018-11-26 03:16:52',NULL,NULL,2),(55,'B055','面包',NULL,'瓶','305.00','682.60',2,1,'2014-10-23 13:41:51',NULL,NULL,2),(56,'B056','果汁',NULL,'瓶','439.00','4035.71',1,1,'2011-01-29 01:28:35',NULL,NULL,2),(57,'B057','脉动',NULL,'瓶','206.00','3258.48',2,1,'2012-11-06 15:34:32',NULL,NULL,2),(58,'B058','小米',NULL,'袋','145.00','1087.69',1,1,'2013-08-11 13:30:40',NULL,NULL,3),(59,'B059','香米',NULL,'袋','216.00','576.21',1,1,'2009-06-03 09:47:15',NULL,NULL,3),(60,'B060','坚果炒货',NULL,'袋','306.00','3775.92',2,1,'2007-09-01 07:29:40',NULL,NULL,4),(61,'B061','果脯蜜饯',NULL,'袋','108.00','2399.80',2,1,'2019-04-08 15:24:56',NULL,NULL,4),(62,'B062','天然花茶',NULL,'袋','233.00','702.90',2,1,'2008-11-07 04:27:56',NULL,NULL,4),(63,'B063','营养豆豆',NULL,'袋','224.00','2738.03',2,1,'2010-04-03 03:13:40',NULL,NULL,4),(64,'B064','海苔',NULL,'袋','478.00','4393.12',2,1,'2011-02-05 15:47:26',NULL,NULL,4),(65,'B065','肉脯肉',NULL,'袋','474.00','2865.21',1,1,'2012-05-10 08:59:03',NULL,NULL,4),(66,'B066','天然香辛料',NULL,'袋','217.00','2480.65',1,1,'2013-10-18 04:58:18',NULL,NULL,5),(67,'B067','鸡精',NULL,'袋','301.00','2507.94',1,1,'2016-11-24 05:11:20',NULL,NULL,5),(68,'B068','复合调味料',NULL,'袋','277.00','4398.96',1,1,'2011-07-11 03:06:19',NULL,NULL,5),(69,'B069','山茶油',NULL,'桶','204.00','1526.05',1,1,'2020-11-28 20:39:50',NULL,NULL,6),(70,'B070','大豆油',NULL,'桶','149.00','2588.08',2,1,'2013-04-23 22:23:14',NULL,NULL,6),(71,'B071','花生油',NULL,'桶','90.00','1540.74',1,1,'2008-10-16 14:30:58',NULL,NULL,6),(72,'B072','橄榄油',NULL,'桶','459.00','1360.21',2,1,'2010-11-08 15:17:03',NULL,NULL,6),(73,'B073','豆瓣酱',NULL,'盒','217.00','2588.18',1,1,'2010-06-18 02:43:19',NULL,NULL,7),(74,'B074','黄豆酱',NULL,'盒','349.00','2188.92',2,1,'2018-03-12 05:12:54',NULL,NULL,7),(75,'B075','甜面酱',NULL,'盒','242.00','4501.53',2,1,'2009-07-25 12:51:40',NULL,NULL,7),(76,'B076','辣椒酱',NULL,'盒','119.00','1812.95',2,1,'2006-04-07 10:36:23',NULL,NULL,7),(77,'B077','不锈钢厨刀',NULL,'个','99.00','1349.72',1,1,'2011-07-25 18:32:52',NULL,NULL,8),(78,'B078','海绵床垫',NULL,'个','168.00','2170.05',2,1,'2010-03-11 16:05:55',NULL,NULL,9),(79,'B079','坐垫',NULL,'个','247.00','3385.92',1,1,'2018-06-12 11:12:32',NULL,NULL,9),(80,'B080','靠垫',NULL,'个','476.00','801.50',1,1,'2005-12-18 15:40:34',NULL,NULL,9),(81,'B081','海绵枕头',NULL,'个','282.00','583.89',1,1,'2020-04-27 00:00:48',NULL,NULL,9),(82,'B082','头枕',NULL,'个','481.00','3493.03',1,1,'2016-02-23 23:46:11',NULL,NULL,9),(83,'B083','清洗剂',NULL,'瓶','445.00','3465.44',2,1,'2009-03-02 07:07:56',NULL,NULL,10),(84,'B084','洗涤网',NULL,'个','199.00','3042.57',1,1,'2005-11-15 07:22:08',NULL,NULL,10),(85,'B085','墙体除霉剂',NULL,'瓶','277.00','1046.84',2,1,'2009-09-17 02:57:30',NULL,NULL,10),(86,'B086','墙面霉菌清除剂',NULL,'瓶','417.00','4170.72',2,1,'2015-09-26 00:56:30',NULL,NULL,10),(87,'B087','洗衣皂',NULL,'个','88.00','857.78',2,1,'2012-08-07 10:59:00',NULL,NULL,11),(88,'B088','洗衣粉',NULL,'袋','320.00','4714.30',2,1,'2011-09-19 01:15:00',NULL,NULL,11),(89,'B089','洗衣液',NULL,'袋','170.00','2110.42',2,1,'2019-04-27 11:55:14',NULL,NULL,11),(90,'B090','洗洁精',NULL,'袋','80.00','1868.80',1,1,'2016-03-28 16:46:43',NULL,NULL,11),(91,'B091','肥皂',NULL,'个','475.00','1722.16',1,1,'2018-02-15 13:39:07',NULL,NULL,11),(92,'B092','香皂',NULL,'个','239.00','3370.29',1,1,'2015-08-15 11:07:40',NULL,NULL,11),(93,'B093','茅台',NULL,'瓶','439.00','3520.01',2,1,'2020-11-20 01:16:46',NULL,NULL,1),(94,'B094','五粮液',NULL,'瓶','212.00','2132.34',1,1,'2008-11-19 16:58:20',NULL,NULL,1),(95,'B095','郎酒',NULL,'瓶','85.00','2079.61',2,1,'2007-05-22 04:24:21',NULL,NULL,1),(96,'B096','酒鬼酒',NULL,'瓶','154.00','4478.72',2,1,'2014-06-04 20:27:24',NULL,NULL,1),(97,'B097','泸州老窖',NULL,'瓶','65.00','3777.36',2,1,'2017-08-28 11:15:26',NULL,NULL,1),(98,'B098','赖茅酒',NULL,'瓶','173.00','737.37',1,1,'2010-09-22 14:30:20',NULL,NULL,1),(99,'B099','法国红酒',NULL,'瓶','188.00','4758.29',2,1,'2017-09-25 01:28:19',NULL,NULL,1),(100,'B100','果汁',NULL,'瓶','449.00','2086.37',1,1,'2008-04-03 21:25:37',NULL,NULL,2),(101,'B101','面包',NULL,'瓶','181.00','4148.36',2,1,'2017-09-11 02:52:57',NULL,NULL,2),(102,'B102','果汁',NULL,'瓶','89.00','3167.45',2,1,'2020-04-23 17:44:59',NULL,NULL,2),(103,'B103','脉动',NULL,'瓶','209.00','1463.78',2,1,'2015-08-30 03:12:45',NULL,NULL,2),(104,'B104','小米',NULL,'袋','291.00','1107.71',1,1,'2006-12-11 13:18:14',NULL,NULL,3),(105,'B105','香米',NULL,'袋','158.00','4795.90',2,1,'2010-04-12 08:45:06',NULL,NULL,3),(106,'B106','坚果炒货',NULL,'袋','410.00','4715.21',1,1,'2008-09-23 17:06:13',NULL,NULL,4),(107,'B107','果脯蜜饯',NULL,'袋','404.00','974.44',1,1,'2013-11-02 06:38:07',NULL,NULL,4),(108,'B108','天然花茶',NULL,'袋','399.00','4738.93',2,1,'2012-07-15 21:42:55',NULL,NULL,4),(109,'B109','营养豆豆',NULL,'袋','121.00','2037.61',1,1,'2006-01-05 09:30:25',NULL,NULL,4),(110,'B110','海苔',NULL,'袋','225.00','3208.92',2,1,'2013-09-17 01:49:10',NULL,NULL,4),(111,'B111','肉脯肉',NULL,'袋','156.00','4461.70',1,1,'2016-11-27 13:00:04',NULL,NULL,4),(112,'B112','天然香辛料',NULL,'袋','63.00','2997.03',1,1,'2012-08-28 23:41:58',NULL,NULL,5),(113,'B113','鸡精',NULL,'袋','423.00','4728.78',1,1,'2010-10-10 18:40:15',NULL,NULL,5);

/*Table structure for table `smbms_provider` */

DROP TABLE IF EXISTS `smbms_provider`;

CREATE TABLE `smbms_provider` (
  `id` bigint(20) NOT NULL AUTO_INCREMENT COMMENT '自增ID',
  `proCode` varchar(20) COLLATE utf8_unicode_ci NOT NULL COMMENT '主键：供应商编码',
  `proName` varchar(20) COLLATE utf8_unicode_ci DEFAULT NULL COMMENT '供应商名称',
  `proDesc` varchar(50) COLLATE utf8_unicode_ci DEFAULT NULL COMMENT '供应商详细描述',
  `proContact` varchar(20) COLLATE utf8_unicode_ci DEFAULT NULL COMMENT '供应商联系人',
  `proPhone` varchar(20) COLLATE utf8_unicode_ci DEFAULT NULL COMMENT '联系电话',
  `proAddress` varchar(50) COLLATE utf8_unicode_ci DEFAULT NULL COMMENT '地址',
  `proFax` varchar(20) COLLATE utf8_unicode_ci DEFAULT NULL COMMENT '传真',
  `createdBy` bigint(20) DEFAULT NULL COMMENT '创建者（userId）',
  `creationDate` datetime DEFAULT NULL COMMENT '创建时间',
  `modifyDate` datetime DEFAULT NULL COMMENT '更新时间',
  `modifyBy` bigint(20) DEFAULT NULL COMMENT '更新者（userId）',
  PRIMARY KEY (`id`,`proCode`)
) ENGINE=InnoDB AUTO_INCREMENT=12 DEFAULT CHARSET=utf8 COLLATE=utf8_unicode_ci;

/*Data for the table `smbms_provider` */

insert  into `smbms_provider`(`id`,`proCode`,`proName`,`proDesc`,`proContact`,`proPhone`,`proAddress`,`proFax`,`createdBy`,`creationDate`,`modifyDate`,`modifyBy`) values (1,'BJ_GYS001','北京三木堂商贸有限公司','长期合作伙伴，主营产品:茅台、五粮液、郎酒、酒鬼酒、泸州老窖、赖茅酒、法国红酒等','张国强','13566669999','北京市丰台区育芳园北路','010-58858787',1,'2013-03-21 16:52:07','2019-04-12 16:44:03',10),(2,'HB_GYS001','石家庄帅益食品贸易有限公司','长期合作伙伴，主营产品:饮料、水饮料、植物蛋白饮料、休闲食品、果汁饮料、功能饮料等','王军','13309094212','河北省石家庄新华区','0311-67738876',1,'2016-04-13 04:20:40',NULL,NULL),(3,'GZ_GYS001','深圳市泰香米业有限公司','初次合作伙伴，主营产品：良记金轮米,龙轮香米等','郑程瀚','13402013312','广东省深圳市福田区深南大道6006华丰大厦','0755-67776212',1,'2014-03-21 16:56:07',NULL,NULL),(4,'GZ_GYS002','深圳市喜来客商贸有限公司','长期合作伙伴，主营产品：坚果炒货.果脯蜜饯.天然花茶.营养豆豆.特色美食.进口食品.海味零食.肉脯肉','林妮','18599897645','广东省深圳市福龙工业区B2栋3楼西','0755-67772341',1,'2013-03-22 16:52:07',NULL,NULL),(5,'JS_GYS001','兴化佳美调味品厂','长期合作伙伴，主营产品：天然香辛料、鸡精、复合调味料','徐国洋','13754444221','江苏省兴化市林湖工业区','0523-21299098',1,'2015-11-22 16:52:07',NULL,NULL),(6,'BJ_GYS002','北京纳福尔食用油有限公司','长期合作伙伴，主营产品：山茶油、大豆油、花生油、橄榄油等','马莺','13422235678','北京市朝阳区珠江帝景1号楼','010-588634233',1,'2012-03-21 17:52:07',NULL,NULL),(7,'ZJ_GYS001','慈溪市广和绿色食品厂','长期合作伙伴，主营产品：豆瓣酱、黄豆酱、甜面酱，辣椒，大蒜等农产品','薛圣丹','18099953223','浙江省宁波市慈溪周巷小安村','0574-34449090',1,'2013-11-21 06:02:07',NULL,NULL),(8,'JS_GYS002','南京火头军信息技术有限公司','长期合作伙伴，主营产品：不锈钢厨具等','陈女士','13098992113','江苏省南京市浦口区浦口大道1号新城总部大厦A座903室','025-86223345',1,'2013-03-25 16:52:07',NULL,NULL),(9,'GZ_GYS003','广州市白云区美星五金制品厂','长期合作伙伴，主营产品：海绵床垫、坐垫、靠垫、海绵枕头、头枕等','李畅','15934839256','广州市白云区钟落潭镇福龙路20号','020-85542231',1,'2016-12-21 06:12:17','2022-05-14 13:14:17',1),(10,'BJ_GYS004','北京隆盛日化科技','长期合作伙伴，主营产品：日化环保清洗剂，家居洗涤专卖、洗涤用品网、墙体除霉剂、墙面霉菌清除剂等','孙欣','13689865678','北京市大兴区旧宫','010-35576786',1,'2014-11-21 12:51:11',NULL,NULL),(11,'SD_GYS001','山东豪克华光联合发展有限公司','长期合作伙伴，主营产品：洗衣皂、洗衣粉、洗衣液、洗洁精、消杀类、香皂等','吴洪转','13245468787','山东济阳济北工业区仁和街21号','0531-53362445',1,'2015-01-28 10:52:07',NULL,NULL);

/*Table structure for table `smbms_role` */

DROP TABLE IF EXISTS `smbms_role`;

CREATE TABLE `smbms_role` (
  `id` bigint(20) NOT NULL AUTO_INCREMENT COMMENT '自增ID',
  `roleCode` varchar(15) COLLATE utf8_unicode_ci NOT NULL COMMENT '主键：角色编码',
  `roleName` varchar(15) COLLATE utf8_unicode_ci DEFAULT NULL COMMENT '角色名称',
  PRIMARY KEY (`id`,`roleCode`)
) ENGINE=InnoDB AUTO_INCREMENT=4 DEFAULT CHARSET=utf8 COLLATE=utf8_unicode_ci;

/*Data for the table `smbms_role` */

insert  into `smbms_role`(`id`,`roleCode`,`roleName`) values (1,'SMBMS_ADMIN','系统管理员'),(2,'SMBMS_MANAGER','经理'),(3,'SMBMS_EMPLOYEE','普通员工');

/*Table structure for table `smbms_user` */

DROP TABLE IF EXISTS `smbms_user`;

CREATE TABLE `smbms_user` (
  `id` bigint(20) NOT NULL AUTO_INCREMENT COMMENT '自增ID',
  `userCode` varchar(15) COLLATE utf8_unicode_ci NOT NULL COMMENT '主键：用户编码',
  `userName` varchar(15) COLLATE utf8_unicode_ci DEFAULT NULL COMMENT '用户名称',
  `userPassword` varchar(15) COLLATE utf8_unicode_ci DEFAULT NULL COMMENT '用户密码',
  `gender` int(10) DEFAULT NULL COMMENT '性别（1:女、 2:男）',
  `birthday` date DEFAULT NULL COMMENT '出生日期',
  `phone` varchar(15) COLLATE utf8_unicode_ci DEFAULT NULL COMMENT '手机',
  `address` varchar(30) COLLATE utf8_unicode_ci DEFAULT NULL COMMENT '地址',
  `userRole` int(10) DEFAULT NULL COMMENT '用户角色（取自角色表-角色id）',
  `createdBy` bigint(20) DEFAULT NULL COMMENT '创建者（userId）',
  `creationDate` datetime DEFAULT NULL COMMENT '创建时间',
  `modifyBy` bigint(20) DEFAULT NULL COMMENT '更新者（userId）',
  `modifyDate` datetime DEFAULT NULL COMMENT '更新时间',
  PRIMARY KEY (`id`,`userCode`)
) ENGINE=InnoDB AUTO_INCREMENT=114 DEFAULT CHARSET=utf8 COLLATE=utf8_unicode_ci;

/*Data for the table `smbms_user` */

insert  into `smbms_user`(`id`,`userCode`,`userName`,`userPassword`,`gender`,`birthday`,`phone`,`address`,`userRole`,`createdBy`,`creationDate`,`modifyBy`,`modifyDate`) values (1,'admin','admin','0000000',1,'1988-05-12','15934839256','江西省宜春市樟树市',3,21,'2022-04-30 00:00:00',1,'2022-05-14 13:24:35'),(2,'U001','李明','0000000',2,'1988-03-26','13481849147','云南省临沧市临沧市',1,99,'2021-07-06 00:00:00',NULL,NULL),(3,'U002','李红','0000000',1,'1997-04-13','15741143460','安徽省滁州市天长市',1,73,'2022-02-20 00:00:00',NULL,NULL),(4,'U003','李华','0000000',2,'1992-08-03','15892397689','广东省韶关市翁源县',2,24,'2021-04-01 00:00:00',NULL,NULL),(5,'U004','沈寻南','0000000',2,'1995-04-09','13597716944','山西省大同市城区',3,70,'2021-01-27 00:00:00',NULL,NULL),(6,'U005','王红','0000000',1,'1998-12-28','18835686757','湖南省长沙市天心区',1,82,'2021-04-02 00:00:00',NULL,NULL),(7,'U006','施莺','0000000',1,'1991-12-14','13566933359','湖北省宜昌市宜昌市',1,65,'2020-01-29 00:00:00',NULL,NULL),(8,'U007','曹梦娇','0000000',2,'1991-10-22','18268555482','江西省景德镇市昌江区',1,48,'2020-03-08 00:00:00',NULL,NULL),(9,'U008','郑耀文','0000000',1,'1999-09-25','13760827549','山西省大同市城区',3,20,'2021-11-20 00:00:00',NULL,NULL),(10,'U009','沈树平','0000000',2,'1986-05-16','13892136943','湖北省宜昌市宜都市',1,88,'2021-09-20 00:00:00',NULL,NULL),(11,'U010','孙芳','0000000',2,'1995-02-13','18400513826','安徽省宣城市广德县',2,3,'2021-12-10 00:00:00',NULL,NULL),(12,'U011','郑柔','0000000',2,'1988-04-11','18841465511','河北省廊坊市广阳区',1,94,'2022-03-30 00:00:00',NULL,NULL),(13,'U012','尤欣','0000000',2,'1993-07-04','18238199760','山东省淄博市桓台县',2,36,'2020-03-05 00:00:00',NULL,NULL),(14,'U013','杨成龙','0000000',1,'1999-08-28','18403628639','黑龙江省双鸭山市宝清县',3,5,'2020-05-18 00:00:00',NULL,NULL),(15,'U014','张文秀','0000000',2,'1982-08-10','18282002715','安徽省滁州市明光市',2,79,'2021-11-11 00:00:00',NULL,NULL),(16,'U015','陈丽','0000000',2,'1990-04-16','18827863339','广东省茂名市信宜市',1,9,'2021-04-09 00:00:00',NULL,NULL),(17,'U016','项苹','0000000',1,'1989-11-01','18270213917','江苏省常州市溧阳市',1,79,'2022-01-13 00:00:00',NULL,NULL),(18,'U017','杨优优','0000000',2,'1996-03-24','13987614276','山西省大同市城区',3,33,'2020-09-23 00:00:00',NULL,NULL),(19,'U018','曹肇琪','0000000',2,'1996-02-25','13698632612','河南省周口市扶沟县',2,48,'2022-02-25 00:00:00',NULL,NULL),(20,'U019','孔半芹','0000000',2,'1987-10-23','18460656260','甘肃省金昌市永昌县',2,67,'2020-03-22 00:00:00',NULL,NULL),(21,'U020','陶翠红','0000000',1,'1985-08-14','13852276422','河北省唐山市遵化市',2,37,'2020-12-19 00:00:00',NULL,NULL),(22,'U021','吕明露','0000000',2,'1997-11-11','18411243190','广东省云浮市新兴县',2,89,'2021-06-10 00:00:00',NULL,NULL),(23,'U022','秦小兰','0000000',2,'1992-08-14','15158744096','浙江省湖州市湖州市',2,16,'2021-06-29 00:00:00',NULL,NULL),(24,'U023','钱谷山','0000000',2,'1995-04-18','15921044958','河南省许昌市长葛市',2,78,'2021-10-28 00:00:00',NULL,NULL),(25,'U024','云忠娇','0000000',2,'1998-07-31','13693877898','四川省乐山市峨眉山市',1,84,'2020-09-20 00:00:00',NULL,NULL),(26,'U025','吕玉亭','0000000',2,'1984-12-12','18230258184','安徽省阜阳市阜阳市',2,32,'2021-04-24 00:00:00',NULL,NULL),(27,'U026','魏冬儿','0000000',1,'1999-03-04','18294529916','山东省莱芜市莱城区',3,64,'2020-04-18 00:00:00',NULL,NULL),(28,'U027','严筠','0000000',2,'1980-02-12','13875984948','河南省安阳市安阳县',2,31,'2022-01-02 00:00:00',NULL,NULL),(29,'U028','秦卿','0000000',1,'1982-05-22','13850514729','湖北省襄阳市襄城区',2,62,'2022-03-28 00:00:00',NULL,NULL),(30,'U029','吴莉','0000000',1,'1983-02-10','13716396484','河北省衡水市武强县',2,13,'2021-04-27 00:00:00',NULL,NULL),(31,'U030','华蓉','0000000',1,'1996-03-05','13997225434','四川省成都市大邑县',2,93,'2020-03-11 00:00:00',NULL,NULL),(32,'U031','戚程燕','0000000',2,'2000-04-16','15157891111','湖北省武汉市黄陂区',2,53,'2021-02-27 00:00:00',NULL,NULL),(33,'U032','王娜','0000000',2,'1980-01-24','15141927156','湖北省孝感市汉川市',2,93,'2021-04-10 00:00:00',NULL,NULL),(34,'U033','李英','0000000',2,'1993-09-04','18428706349','陕西省榆林市吴堡县',3,54,'2020-11-28 00:00:00',NULL,NULL),(35,'U034','何晓','0000000',1,'1989-04-02','13516532340','湖北省荆州市荆州区',3,94,'2021-11-25 00:00:00',NULL,NULL),(36,'U035','李霭','0000000',2,'1985-05-04','15718065663','陕西省延安市延长县',3,4,'2021-05-10 00:00:00',NULL,NULL),(37,'U036','金旭','0000000',2,'1999-08-08','13646861223','江苏省南京市雨花台区',3,6,'2021-01-21 00:00:00',NULL,NULL),(38,'U037','郑金花','0000000',2,'1995-05-06','13895042927','云南省昆明市安宁市',3,48,'2020-12-03 00:00:00',NULL,NULL),(39,'U038','孔敏','0000000',2,'1985-03-10','18721808343','安徽省马鞍山市博望区',1,42,'2021-04-25 00:00:00',NULL,NULL),(40,'U039','赵启英','0000000',1,'1984-10-27','13572914186','湖南省娄底市涟源市',3,86,'2021-10-24 00:00:00',NULL,NULL),(41,'U040','卫佳丽','0000000',1,'1989-09-23','13753483981','江西省景德镇市景德镇市',2,96,'2021-03-25 00:00:00',NULL,NULL),(42,'U041','姜怡','0000000',1,'1985-05-07','15723526858','福建省漳州市诏安县',1,88,'2020-03-26 00:00:00',NULL,NULL),(43,'U042','王眉','0000000',2,'1997-05-01','13501129466','安徽省滁州市天长市',2,20,'2021-07-16 00:00:00',NULL,NULL),(44,'U043','许二丫','0000000',2,'1997-08-06','15222723647','安徽省六安市金安区',1,88,'2020-08-25 00:00:00',NULL,NULL),(45,'U044','沈佳玲','0000000',2,'1994-05-03','13729995940','安徽省滁州市天长市',1,10,'2021-04-10 00:00:00',NULL,NULL),(46,'U045','秦文静','0000000',1,'1987-06-20','18862564537','山东省潍坊市青州市',2,14,'2020-10-12 00:00:00',NULL,NULL),(47,'U046','华志桃','0000000',1,'1993-06-03','18386069640','安徽省六安市金安区',1,60,'2020-12-18 00:00:00',NULL,NULL),(48,'U047','姜锦','0000000',2,'1989-10-23','15953378202','安徽省六安市金安区',2,42,'2021-10-25 00:00:00',NULL,NULL),(49,'U048','戚优优','0000000',2,'2000-02-11','15990651406','安徽省六安市金安区',3,54,'2020-09-01 00:00:00',NULL,NULL),(50,'U049','魏瑾','0000000',2,'1985-08-16','15124136354','四川省德阳市广汉市',2,93,'2021-08-29 00:00:00',NULL,NULL),(51,'U050','许睿婕','0000000',1,'1985-11-11','15002694171','山西省大同市广灵县',1,16,'2020-11-17 00:00:00',NULL,NULL),(52,'U051','王丽','0000000',1,'1999-10-29','15190905985','山西省太原市晋源区',3,18,'2022-04-21 00:00:00',NULL,NULL),(53,'U052','孙姣','0000000',2,'1990-12-27','13680449812','江苏省扬州市高邮市',3,22,'2021-08-25 00:00:00',NULL,NULL),(54,'U053','赵胜英','0000000',1,'1980-11-01','13670554937','湖北省襄阳市襄城区',3,22,'2020-10-24 00:00:00',NULL,NULL),(55,'U054','庞凯敏','0000000',2,'1989-09-16','15856829705','江西省新余市渝水区',3,57,'2021-03-27 00:00:00',NULL,NULL),(56,'U055','韩成倩','0000000',2,'1994-12-01','13841885786','安徽省阜阳市阜南县',3,38,'2021-11-29 00:00:00',NULL,NULL),(57,'U056','孙淇','0000000',1,'1997-01-11','13600616938','安徽省六安市金安区',2,58,'2022-04-09 00:00:00',NULL,NULL),(58,'U057','郑婷','0000000',1,'1992-01-14','18438109769','安徽省六安市金安区',3,50,'2020-08-09 00:00:00',NULL,NULL),(59,'U058','张姬','0000000',1,'1995-08-19','15906908372','辽宁省沈阳市沈河区',2,90,'2020-03-18 00:00:00',NULL,NULL),(60,'U059','戚秀英','0000000',2,'1983-12-04','13771246286','安徽省六安市金安区',3,12,'2020-12-20 00:00:00',NULL,NULL),(61,'U060','王铠沣','0000000',2,'1995-05-28','18430695537','河北省承德市兴隆县',3,37,'2021-05-09 00:00:00',NULL,NULL),(62,'U061','衡景燕','0000000',2,'1988-11-12','18479532357','重庆市重庆市九龙坡区',2,32,'2021-07-28 00:00:00',NULL,NULL),(63,'U062','沈江霞','0000000',2,'1991-07-03','18844993793','安徽省六安市金安区',1,5,'2020-01-31 00:00:00',NULL,NULL),(64,'U063','曹迎曼','0000000',2,'1995-08-22','13659808660','安徽省六安市金安区',3,4,'2022-01-28 00:00:00',NULL,NULL),(65,'U064','吕莎','0000000',1,'1989-04-11','13561466617','安徽省六安市金安区',2,74,'2021-04-25 00:00:00',NULL,NULL),(66,'U065','吕姬','0000000',1,'1992-10-05','15116518731','陕西省渭南市潼关县',1,8,'2020-10-29 00:00:00',NULL,NULL),(67,'U066','辛之瑶','0000000',2,'1994-04-17','15105108066','安徽省六安市金安区',1,44,'2020-01-23 00:00:00',NULL,NULL),(68,'U067','冯艳','0000000',2,'1986-09-13','15762938904','广东省湛江市徐闻县',2,20,'2020-12-25 00:00:00',NULL,NULL),(69,'U068','褚溶艳','0000000',2,'1981-05-07','15983788610','四川省成都市彭州市',3,55,'2020-12-08 00:00:00',NULL,NULL),(70,'U069','周梦娇','0000000',1,'1999-11-05','18715801212','浙江省丽水市龙泉市',1,98,'2022-02-06 00:00:00',NULL,NULL),(71,'U070','钱沛文','0000000',2,'1987-06-17','13777724958','浙江省丽水市龙泉市',3,95,'2021-08-23 00:00:00',NULL,NULL),(72,'U071','鲁翠安','0000000',1,'1998-08-09','15047372962','广东省珠海市珠海市',2,25,'2021-08-26 00:00:00',NULL,NULL),(73,'U072','蒲孝洁','0000000',1,'1986-08-13','13494429372','浙江省丽水市龙泉市',1,97,'2021-03-02 00:00:00',NULL,NULL),(74,'U073','杨丹','0000000',2,'1984-03-23','15187015311','山东省济南市长清区',2,37,'2020-07-02 00:00:00',NULL,NULL),(75,'U074','孙紫萱','0000000',1,'1989-12-21','13579538013','江西省九江市九江市',1,15,'2021-03-10 00:00:00',NULL,NULL),(76,'U075','魏淇','0000000',2,'1982-12-08','13834213963','山东省德州市禹城市',2,76,'2020-03-15 00:00:00',NULL,NULL),(77,'U076','王梦娇','0000000',2,'1988-02-18','13646742752','浙江省宁波市江北区',3,27,'2022-04-28 00:00:00',NULL,NULL),(78,'U077','尤半雪','0000000',2,'1989-08-13','13924496092','河南省开封市鼓楼区',2,19,'2021-12-17 00:00:00',NULL,NULL),(79,'U078','何天春','0000000',2,'1987-02-11','15900709579','广东省惠州市龙门县',2,77,'2022-03-04 00:00:00',NULL,NULL),(80,'U079','尤艳','0000000',1,'1981-04-23','13732601300','江苏省盐城市阜宁县',3,94,'2021-07-02 00:00:00',NULL,NULL),(81,'U080','蒋恩珍','0000000',2,'1998-06-16','13993766593','陕西省西安市长安区',3,95,'2021-09-29 00:00:00',NULL,NULL),(82,'U081','王秋荣','0000000',1,'1997-01-02','18431543809','山东省泰安市东平县',2,79,'2020-10-14 00:00:00',NULL,NULL),(83,'U082','赵紫君','0000000',1,'1994-02-17','15118402793','浙江省丽水市龙泉市',3,33,'2021-07-20 00:00:00',NULL,NULL),(84,'U083','褚寻南','0000000',1,'1997-07-26','18237424288','甘肃省庆阳市环县',1,45,'2020-09-13 00:00:00',NULL,NULL),(85,'U084','卫粤','0000000',2,'1993-10-12','13413618959','山东省淄博市淄博市',2,3,'2021-11-08 00:00:00',NULL,NULL),(86,'U085','张晓','0000000',2,'1981-08-20','15848515068','安徽省马鞍山市和县',2,90,'2021-08-13 00:00:00',NULL,NULL),(87,'U086','陈金花','0000000',1,'2000-02-20','13908062642','浙江省宁波市宁波市',1,18,'2020-06-26 00:00:00',NULL,NULL),(88,'U087','陈小丽','0000000',2,'1998-07-25','13990939234','浙江省丽水市龙泉市',2,62,'2021-05-24 00:00:00',NULL,NULL),(89,'U088','曹恩珍','0000000',1,'1996-07-16','13875379187','福建省宁德市霞浦县',2,65,'2020-12-07 00:00:00',NULL,NULL),(90,'U089','姜琴','0000000',1,'1996-10-19','15259335635','浙江省宁波市鄞州区',2,94,'2020-08-06 00:00:00',NULL,NULL),(91,'U090','闻人光琴','0000000',1,'1993-07-19','15066981586','江西省抚州市金溪县',1,64,'2021-03-19 00:00:00',NULL,NULL),(92,'U091','姜半芹','0000000',2,'1995-02-24','13425428222','浙江省金华市东阳市',3,77,'2021-06-03 00:00:00',NULL,NULL),(93,'U092','郑半雪','0000000',1,'1988-07-25','15177829991','浙江省丽水市龙泉市',1,87,'2021-11-12 00:00:00',NULL,NULL),(94,'U093','何彩菊','0000000',2,'1993-09-28','13879463801','湖南省常德市常德市',1,50,'2020-07-18 00:00:00',NULL,NULL),(95,'U094','韩凤美','0000000',1,'1989-10-30','18345025644','湖北省十堰市房县',2,48,'2020-03-30 00:00:00',NULL,NULL),(96,'U095','姜肇琪','0000000',2,'1994-01-23','15264462547','陕西省安康市紫阳县',3,89,'2021-11-24 00:00:00',NULL,NULL),(97,'U096','朱千萍','0000000',1,'1981-12-02','15703928252','山西省临汾市古县',3,80,'2021-08-27 00:00:00',NULL,NULL),(98,'U097','何小兰','0000000',1,'1994-12-09','15161399207','重庆市重庆市开州区',1,13,'2021-09-30 00:00:00',NULL,NULL),(99,'U098','赵芯蕊','0000000',2,'1999-09-10','15089692803','四川省成都市新津县',3,64,'2021-07-25 00:00:00',NULL,NULL),(100,'U099','卫甜','0000000',2,'1984-06-05','13921388992','浙江省丽水市龙泉市',3,52,'2020-09-01 00:00:00',NULL,NULL),(101,'U100','姜明艳','0000000',2,'1999-01-26','18268271445','上海市上海市静安区',3,85,'2021-02-14 00:00:00',NULL,NULL),(102,'U101','韩菁','0000000',1,'1984-02-17','13999796663','辽宁省营口市老边区',1,35,'2020-10-31 00:00:00',NULL,NULL),(103,'U102','施厚菊','0000000',2,'1984-05-01','15751395753','上海市上海市黄浦区',1,12,'2022-03-28 00:00:00',NULL,NULL),(104,'U103','褚萍','0000000',1,'1989-11-12','18838819411','山东省聊城市高唐县',2,91,'2021-11-09 00:00:00',NULL,NULL),(105,'U104','秦凡','0000000',2,'1987-04-23','15285013621','浙江省丽水市龙泉市',2,39,'2021-10-25 00:00:00',NULL,NULL),(106,'U105','屈宁','0000000',1,'1994-11-09','13943856495','浙江省丽水市龙泉市',1,89,'2020-02-13 00:00:00',NULL,NULL),(107,'U106','赵婷婷','0000000',1,'1992-05-03','13883443697','福建省龙岩市漳平市',3,28,'2022-02-25 00:00:00',NULL,NULL),(108,'U107','蒋梅香','0000000',2,'1981-09-10','18880331110','江西省宜春市靖安县',2,37,'2021-09-03 00:00:00',NULL,NULL),(109,'U108','尤昭东','0000000',2,'1992-10-20','15984608269','云南省玉溪市易门县',2,52,'2020-02-07 00:00:00',NULL,NULL),(110,'U109','魏静欣','0000000',1,'1994-05-09','13824128351','河南省洛阳市宜阳县',1,25,'2021-12-02 00:00:00',NULL,NULL),(111,'U110','孙晓','0000000',1,'1983-11-14','15211842879','浙江省嘉兴市海宁市',1,19,'2021-06-10 00:00:00',NULL,NULL),(112,'U111','戚凡','0000000',1,'1986-12-19','18850621181','河北省保定市清苑区',1,93,'2021-11-20 00:00:00',NULL,NULL),(113,'U112','元欣','0000000',1,'1996-07-08','13510727369','山西省晋城市阳城县',1,18,'2020-12-17 00:00:00',NULL,NULL);

/*!40101 SET SQL_MODE=@OLD_SQL_MODE */;
/*!40014 SET FOREIGN_KEY_CHECKS=@OLD_FOREIGN_KEY_CHECKS */;
/*!40014 SET UNIQUE_CHECKS=@OLD_UNIQUE_CHECKS */;
/*!40111 SET SQL_NOTES=@OLD_SQL_NOTES */;
